{
  "schema_version": 1,
  "identity": "SplitPhase128kE3-P9-full-support-frequency-audit",
  "production_promoted": false,
  "source": {
    "search": "tools/split_phase_v6/baselines/e3-p9-timing-search-dense.json",
    "feasibility": "tools/split_phase_v6/baselines/e3-p9-feasibility-dense.json",
    "e2_character_sha256": "6fffcf7322e3d170e3160c3527772cdc78894e34d21d22bba16b279574d6b0cb",
    "cleanup_sha256": "55bd3926117717b80b4b318cc45afe01c524a0e63ed86487fafdd2a8b771d0ca"
  },
  "contract": {
    "maximum_passband_delta_db_0_18khz": 0.001,
    "maximum_stopband_db_22k05_nyquist": -150.0,
    "maximum_transition_rebound_linear": 1e-06,
    "frequency_fft_covers_complete_response": true
  },
  "supports": [
    {
      "support": 262145,
      "source_identifier": "p9-s262145-05872",
      "character_sha256": "89d2fb0e2c1bde46fee388820b8aaf3d05e9a01dfab131743c9af4d6de85ffb5",
      "response_sha256": "1417d66029b3908df9666e4308b9cada5ede411d2416dac37fdcb9f9368638f4",
      "response_samples": 524797,
      "frequency_fft_length": 1048576,
      "structural": {
        "fft_length": 1048576,
        "omitted_periodic_energy_ratio": 4.367985450752255e-19,
        "edge_energy_ratio": 3.033819123084245e-14,
        "maximum_phase_delta_rad": 0.0010000000000000002,
        "minimum_magnitude_delta_db": -0.011691911347478911,
        "maximum_magnitude_delta_db": 0.019043379752599017
      },
      "frequency": {
        "maximum_passband_delta_db_0_18khz": 4.964855625550719e-06,
        "maximum_stopband_db_22k05_nyquist": -176.7261949256162,
        "maximum_transition_rebound_linear": 1.1095190488014616e-07
      },
      "passes_frequency_gates": true,
      "frequency_delta_vs_262145": {
        "maximum_passband_delta_db_0_18khz": 0.0,
        "maximum_stopband_db_22k05_nyquist": 0.0,
        "maximum_transition_rebound_linear": 0.0
      }
    },
    {
      "support": 524289,
      "source_identifier": "p9-s524289-05872",
      "character_sha256": "4ccc52ffc1d8aa7f4899d2299b091aacf2752b8d57e539a226599f3adfd7ae38",
      "response_sha256": "e235b076ec2d5cace19675e7e792badfe519b64db7bebe2e1e38ac2d9312ff08",
      "response_samples": 1049085,
      "frequency_fft_length": 2097152,
      "structural": {
        "fft_length": 2097152,
        "omitted_periodic_energy_ratio": 4.364060083607085e-19,
        "edge_energy_ratio": 3.033818851126761e-14,
        "maximum_phase_delta_rad": 0.0010000000000000002,
        "minimum_magnitude_delta_db": -0.011691911347478911,
        "maximum_magnitude_delta_db": 0.019043379752599017
      },
      "frequency": {
        "maximum_passband_delta_db_0_18khz": 4.964855140493726e-06,
        "maximum_stopband_db_22k05_nyquist": -176.72619343356686,
        "maximum_transition_rebound_linear": 9.933706488825209e-08
      },
      "passes_frequency_gates": true,
      "frequency_delta_vs_262145": {
        "maximum_passband_delta_db_0_18khz": -4.850569925712454e-13,
        "maximum_stopband_db_22k05_nyquist": 1.4920493356385123e-06,
        "maximum_transition_rebound_linear": -1.161483999189407e-08
      }
    },
    {
      "support": 1048577,
      "source_identifier": "p9-s1048577-05872",
      "character_sha256": "0a3c4c91a22956560f3beabe2303149198638a1e981c5d41cfa6a7ed182291a9",
      "response_sha256": "a9fb9db1ba9e2151ee7331f13501684b769d0094f861e457f09fb35b265b1bbd",
      "response_samples": 2097661,
      "frequency_fft_length": 4194304,
      "structural": {
        "fft_length": 4194304,
        "omitted_periodic_energy_ratio": 4.362119495537466e-19,
        "edge_energy_ratio": 3.0338188639497045e-14,
        "maximum_phase_delta_rad": 0.0010000000000000002,
        "minimum_magnitude_delta_db": -0.011691911347478911,
        "maximum_magnitude_delta_db": 0.019043379752599017
      },
      "frequency": {
        "maximum_passband_delta_db_0_18khz": 4.964854866624568e-06,
        "maximum_stopband_db_22k05_nyquist": -176.72619377407725,
        "maximum_transition_rebound_linear": 5.2747743758264276e-08
      },
      "passes_frequency_gates": true,
      "frequency_delta_vs_262145": {
        "maximum_passband_delta_db_0_18khz": -7.589261504799922e-13,
        "maximum_stopband_db_22k05_nyquist": 1.151538953081399e-06,
        "maximum_transition_rebound_linear": -5.8204161121881885e-08
      }
    }
  ],
  "all_supports_pass": true
}
